<?xml version="1.0" encoding="UTF-8"?>

<beans xmlns="http://www.springframework.org/schema/beans"
	xmlns:xsi="http://www.w3.org/2001/XMLSchema-instance"
	xmlns:p="http://www.springframework.org/schema/p"
	xmlns:context="http://www.springframework.org/schema/context"

	xsi:schemaLocation="http://www.springframework.org/schema/beans
http://www.springframework.org/schema/beans/spring-beans-2.5.xsd">

	<bean class="com.auto.wire.Address" name="address">
		<property name="Street" value="RTO office" />
		<property name="pincode" value="413004"></property>
	</bean>

<bean class="com.auto.wire.Address" name="address2">
		<property name="Street" value="RTO office bhopal" />
		<property name="pincode" value="462041"></property>
	</bean>

	<bean class="com.auto.wire.Emp" name="emp" autowire="byName" />

</beans>